win_size,gc_cnt,gc_avg,copyback_cnt,waf
20,50,0.02519,33601,1.68
24,33,0.03432,16314,1.33
28,30,0.0363,13065,1.26
32,34,0.03381,16325,1.33
