op,gc_cnt,gc_avg,copyback_cnt,waf
7,30,0.03365,13511,1.27
14,28,0.04064,12443,1.25
28,22,0.05134,11182,1.23
