op,gc_cnt,gc_avg,copyback_cnt,waf
7,34,0.03685,16325,1.33
14,25,0.04425,10521,1.21
28,12,0.07253,1377,1.03
