op,gc_cnt,gc_avg,copyback_cnt,waf
7,179,0.02265,52685,1.27
14,160,0.02657,37169,1.19
28,115,0.03231,69,1
