op,gc_cnt,gc_avg,copyback_cnt,waf
7,142,0.03332,15050,1.08
14,134,0.0309,10447,1.05
28,114,0.03781,0,1
